Manhas,750000
Smith,1000000
Plessis,950000
Raina,1050000
McCullum,1000000
Aparajith,600000
Bravo,1050000
Hastings,800000
Jadeja,950000
Shankar,600000
Dhoni,1050000
Negi,700000
Ashwin,950000
Nehra,850000
Hilfenhaus,900000
Pandey,650000
Henry,800000
Sharma,800000
More,600000
Badree,900000
Yadav,600000
Jadhav,700000
Pietersen,1050000
Tiwary,850000
Agarwal,750000
Kumar,600000
Vijay,900000
Taylor,950000
Tiwary,800000
Duminy,1000000
Neesham,950000
Shukla,800000
Karthik,900000
Kock,950000
Coulter-Nile,900000
Sharath,600000
Unadkat,800000
Shami,850000
Sharma,850000
Shukla,650000
Nadeem,850000
Kaul,700000
Parnell,900000
Lynn,800000
Das,750000
Gambhir,950000
Pandey,800000
Yadav,650000
Uthappa,900000
Russell,850000
Kallis,1050000
Yadav,600000
Doeschate,950000
Hasan,950000
Pathan,1000000
Bisla,750000
Chawla,900000
Morkel,900000
Cummins,800000
Mondal,600000
Narine,1050000
Yadav,850000
Singh,600000
Kumar,900000
Pujara,800000
Miller,1050000
Bailey,900000
Singh,700000
Vohra,700000
Singh,750000
Marsh,1000000
Sharma,600000
Sehwag,950000
Patel,600000
Maxwell,900000
Dhawan,750000
Perera,950000
Saha,800000
Johnson,950000
Singh,600000
Hendricks,750000
Singh,600000
Balaji,850000
Kartik,850000
Awana,800000
Sharma,650000
Thakur,600000
Wankhade,600000
Saxena,700000
Hussey,1000000
Sharma,1050000
Anderson,850000
Rayudu,800000
Pollard,1100000
Tare,750000
Dunk,750000
Gautam,650000
Marathe,650000
Singh,950000
Bumrah,650000
Hazlewood,800000
Santokie,750000
Malinga,950000
Lange,800000
Suyal,600000
Ojha,850000
Gopal,600000
Khan,900000
Maddinson,800000
Mishra,750000
Zol,600000
Kohli,1050000
Villiers,1000000
Morkel,950000
Gayle,1100000
Singh,950000
Patel,850000
Takawale,650000
Nechim,700000
Dinda,850000
Patel,700000
Starc,900000
Muralitharan,900000
Rampaul,900000
Rana,700000
Warrier,600000
Jakati,750000
Aaron,800000
Chahal,650000
Rahane,900000
Hodge,1000000
Chand,700000
Nayar,700000
Nair,650000
Smith,950000
Samson,800000
Cutting,850000
Bhatia,850000
Watson,1100000
Binny,850000
Bains,600000
Yagnik,700000
Sharma,650000
Faulkner,950000
Cooper,900000
Mishra,600000
Hooda,600000
Kulkarni,750000
Abdulla,800000
Richardson,750000
Tambe,800000
Tewatia,600000
Southee,850000
Malik,750000
Finch,950000
Warner,1000000
Juneja,750000
Bhui,600000
Dhawan,950000
Anirudha,750000
Rao,800000
Sammy,950000
Pathan,900000
Henriques,900000
Paunikar,650000
Taylor,850000
Rahul,700000
Ojha,800000
Rasool,750000
Mishra,950000
Reddy,700000
Kumar,900000
Milind,600000
Steyn,1050000
Sharma,850000
Holder,850000
Sharma,800000
